,variance of Wavelet Transformed image,skewness of Wavelet Transformed image,curtosis of Wavelet Transformed image,entropy of image,label
0,-1.0,-1.0,-1.0,-1.0,-1
1,-1.0,-1.0,-1.0,-1.0,-1
2,-1.0,-1.0,-1.0,-1.0,-1
3,-1.0,-1.0,-1.0,-1.0,-1
4,-1.0,-1.0,-1.0,-1.0,-1
5,-1.0,-1.0,-1.0,-1.0,-1
6,-1.0,-1.0,-1.0,-1.0,-1
7,-1.0,-1.0,-1.0,-1.0,-1
8,-1.0,-1.0,-1.0,-1.0,-1
9,-1.0,-1.0,-1.0,-1.0,-1
10,-1.0,-1.0,-1.0,-1.0,-1
11,-1.0,-1.0,-1.0,-1.0,-1
12,-1.0,-1.0,-1.0,-1.0,-1
13,-1.0,-1.0,-1.0,-1.0,-1
14,-1.0,-1.0,-1.0,-1.0,-1
15,-1.0,-1.0,-1.0,-1.0,-1
16,-1.0,-1.0,-1.0,-1.0,-1
17,-1.0,-1.0,-1.0,-1.0,-1
18,-1.0,-1.0,-1.0,-1.0,-1
19,-1.0,-1.0,-1.0,-1.0,-1
20,-1.0,-1.0,-1.0,-1.0,-1
21,-1.0,-1.0,-1.0,-1.0,-1
22,-1.0,-1.0,-1.0,-1.0,-1
23,-1.0,-1.0,-1.0,-1.0,-1
24,-1.0,-1.0,-1.0,-1.0,-1
25,-1.0,-1.0,-1.0,-1.0,-1
26,-1.0,-1.0,-1.0,-1.0,-1
27,-1.0,-1.0,-1.0,-1.0,-1
28,-1.0,-1.0,-1.0,-1.0,-1
29,-1.0,-1.0,-1.0,-1.0,-1
30,-1.0,-1.0,-1.0,-1.0,-1
31,-1.0,-1.0,-1.0,-1.0,-1
32,-1.0,-1.0,-1.0,-1.0,-1
33,-1.0,-1.0,-1.0,-1.0,-1
34,-1.0,-1.0,-1.0,-1.0,-1
35,-1.0,-1.0,-1.0,-1.0,-1
36,-1.0,-1.0,-1.0,-1.0,-1
37,-1.0,-1.0,-1.0,-1.0,-1
38,-1.0,-1.0,-1.0,-1.0,-1
39,-1.0,-1.0,-1.0,-1.0,-1
40,-1.0,-1.0,-1.0,-1.0,-1
41,-1.0,-1.0,-1.0,-1.0,-1
42,-1.0,-1.0,-1.0,-1.0,-1
43,-1.0,-1.0,-1.0,-1.0,-1
44,-1.0,-1.0,-1.0,-1.0,-1
45,-1.0,-1.0,-1.0,-1.0,-1
46,-1.0,-1.0,-1.0,-1.0,-1
47,-1.0,-1.0,-1.0,-1.0,-1
48,-1.0,-1.0,-1.0,-1.0,-1
49,-1.0,-1.0,-1.0,-1.0,-1
50,-1.0,-1.0,-1.0,-1.0,-1
51,-1.0,-1.0,-1.0,-1.0,-1
52,-1.0,-1.0,-1.0,-1.0,-1
53,-1.0,-1.0,-1.0,-1.0,-1
54,-1.0,-1.0,-1.0,-1.0,-1
55,-1.0,-1.0,-1.0,-1.0,-1
56,-1.0,-1.0,-1.0,-1.0,-1
57,-1.0,-1.0,-1.0,-1.0,-1
58,-1.0,-1.0,-1.0,-1.0,-1
59,-1.0,-1.0,-1.0,-1.0,-1
60,-1.0,-1.0,-1.0,-1.0,-1
61,-1.0,-1.0,-1.0,-1.0,-1
62,-1.0,-1.0,-1.0,-1.0,-1
63,-1.0,-1.0,-1.0,-1.0,-1
64,-1.0,-1.0,-1.0,-1.0,-1
65,-1.0,-1.0,-1.0,-1.0,-1
66,-1.0,-1.0,-1.0,-1.0,-1
67,-1.0,-1.0,-1.0,-1.0,-1
68,-1.0,-1.0,-1.0,-1.0,-1
69,-1.0,-1.0,-1.0,-1.0,-1
70,-1.0,-1.0,-1.0,-1.0,-1
71,-1.0,-1.0,-1.0,-1.0,-1
72,-1.0,-1.0,-1.0,-1.0,-1
73,-1.0,-1.0,-1.0,-1.0,-1
74,-1.0,-1.0,-1.0,-1.0,-1
75,-1.0,-1.0,-1.0,-1.0,-1
76,-1.0,-1.0,-1.0,-1.0,-1
77,-1.0,-1.0,-1.0,-1.0,-1
78,-1.0,-1.0,-1.0,-1.0,-1
79,-1.0,-1.0,-1.0,-1.0,-1
80,-1.0,-1.0,-1.0,-1.0,-1
81,-1.0,-1.0,-1.0,-1.0,-1
82,-1.0,-1.0,-1.0,-1.0,-1
83,-1.0,-1.0,-1.0,-1.0,-1
84,-1.0,-1.0,-1.0,-1.0,-1
85,-1.0,-1.0,-1.0,-1.0,-1
86,-1.0,-1.0,-1.0,-1.0,-1
87,-1.0,-1.0,-1.0,-1.0,-1
88,-1.0,-1.0,-1.0,-1.0,-1
89,-1.0,-1.0,-1.0,-1.0,-1
90,-1.0,-1.0,-1.0,-1.0,-1
91,-1.0,-1.0,-1.0,-1.0,-1
92,-1.0,-1.0,-1.0,-1.0,-1
93,-1.0,-1.0,-1.0,-1.0,-1
94,-1.0,-1.0,-1.0,-1.0,-1
95,-1.0,-1.0,-1.0,-1.0,-1
96,-1.0,-1.0,-1.0,-1.0,-1
97,-1.0,-1.0,-1.0,-1.0,-1
98,-1.0,-1.0,-1.0,-1.0,-1
99,-1.0,-1.0,-1.0,-1.0,-1
100,-1.0,-1.0,-1.0,-1.0,-1
101,-1.0,-1.0,-1.0,-1.0,-1
102,-1.0,-1.0,-1.0,-1.0,-1
103,-1.0,-1.0,-1.0,-1.0,-1
104,-1.0,-1.0,-1.0,-1.0,-1
105,-1.0,-1.0,-1.0,-1.0,-1
106,-1.0,-1.0,-1.0,-1.0,-1
107,-1.0,-1.0,-1.0,-1.0,-1
108,-1.0,-1.0,-1.0,-1.0,-1
109,-1.0,-1.0,-1.0,-1.0,-1
110,-1.0,-1.0,-1.0,-1.0,-1
111,-1.0,-1.0,-1.0,-1.0,-1
112,-1.0,-1.0,-1.0,-1.0,-1
113,-1.0,-1.0,-1.0,-1.0,-1
114,-1.0,-1.0,-1.0,-1.0,-1
115,-1.0,-1.0,-1.0,-1.0,-1
116,-1.0,-1.0,-1.0,-1.0,-1
117,-1.0,-1.0,-1.0,-1.0,-1
118,-1.0,-1.0,-1.0,-1.0,-1
119,-1.0,-1.0,-1.0,-1.0,-1
120,-1.0,-1.0,-1.0,-1.0,-1
121,-1.0,-1.0,-1.0,-1.0,-1
122,-1.0,-1.0,-1.0,-1.0,-1
123,-1.0,-1.0,-1.0,-1.0,-1
124,-1.0,-1.0,-1.0,-1.0,-1
125,-1.0,-1.0,-1.0,-1.0,-1
126,-1.0,-1.0,-1.0,-1.0,-1
127,-1.0,-1.0,-1.0,-1.0,-1
128,-1.0,-1.0,-1.0,-1.0,-1
129,-1.0,-1.0,-1.0,-1.0,-1
130,-1.0,-1.0,-1.0,-1.0,-1
131,-1.0,-1.0,-1.0,-1.0,-1
132,-1.0,-1.0,-1.0,-1.0,-1
133,-1.0,-1.0,-1.0,-1.0,-1
134,-1.0,-1.0,-1.0,-1.0,-1
135,-1.0,-1.0,-1.0,-1.0,-1
136,-1.0,-1.0,-1.0,-1.0,-1
137,-1.0,-1.0,-1.0,-1.0,-1
138,-1.0,-1.0,-1.0,-1.0,-1
139,-1.0,-1.0,-1.0,-1.0,-1
140,-1.0,-1.0,-1.0,-1.0,-1
141,-1.0,-1.0,-1.0,-1.0,-1
142,-1.0,-1.0,-1.0,-1.0,-1
143,-1.0,-1.0,-1.0,-1.0,-1
144,-1.0,-1.0,-1.0,-1.0,-1
145,-1.0,-1.0,-1.0,-1.0,-1
146,-1.0,-1.0,-1.0,-1.0,-1
147,-1.0,-1.0,-1.0,-1.0,-1
148,-1.0,-1.0,-1.0,-1.0,-1
149,-1.0,-1.0,-1.0,-1.0,-1
150,-1.0,-1.0,-1.0,-1.0,-1
151,-1.0,-1.0,-1.0,-1.0,-1
152,-1.0,-1.0,-1.0,-1.0,-1
153,-1.0,-1.0,-1.0,-1.0,-1
154,-1.0,-1.0,-1.0,-1.0,-1
155,-1.0,-1.0,-1.0,-1.0,-1
156,-1.0,-1.0,-1.0,-1.0,-1
157,-1.0,-1.0,-1.0,-1.0,-1
158,-1.0,-1.0,-1.0,-1.0,-1
159,-1.0,-1.0,-1.0,-1.0,-1
160,-1.0,-1.0,-1.0,-1.0,-1
161,-1.0,-1.0,-1.0,-1.0,-1
162,-1.0,-1.0,-1.0,-1.0,-1
163,-1.0,-1.0,-1.0,-1.0,-1
164,-1.0,-1.0,-1.0,-1.0,-1
165,-1.0,-1.0,-1.0,-1.0,-1
166,-1.0,-1.0,-1.0,-1.0,-1
167,-1.0,-1.0,-1.0,-1.0,-1
168,-1.0,-1.0,-1.0,-1.0,-1
169,-1.0,-1.0,-1.0,-1.0,-1
170,-1.0,-1.0,-1.0,-1.0,-1
171,-1.0,-1.0,-1.0,-1.0,-1
172,-1.0,-1.0,-1.0,-1.0,-1
173,-1.0,-1.0,-1.0,-1.0,-1
174,-1.0,-1.0,-1.0,-1.0,-1
175,-1.0,-1.0,-1.0,-1.0,-1
176,-1.0,-1.0,-1.0,-1.0,-1
177,-1.0,-1.0,-1.0,-1.0,-1
178,-1.0,-1.0,-1.0,-1.0,-1
179,-1.0,-1.0,-1.0,-1.0,-1
180,-1.0,-1.0,-1.0,-1.0,-1
181,-1.0,-1.0,-1.0,-1.0,-1
182,-1.0,-1.0,-1.0,-1.0,-1
183,-1.0,-1.0,-1.0,-1.0,-1
184,-1.0,-1.0,-1.0,-1.0,-1
185,-1.0,-1.0,-1.0,-1.0,-1
186,-1.0,-1.0,-1.0,-1.0,-1
187,-1.0,-1.0,-1.0,-1.0,-1
188,-1.0,-1.0,-1.0,-1.0,-1
189,-1.0,-1.0,-1.0,-1.0,-1
190,-1.0,-1.0,-1.0,-1.0,-1
191,-1.0,-1.0,-1.0,-1.0,-1
192,-1.0,-1.0,-1.0,-1.0,-1
193,-1.0,-1.0,-1.0,-1.0,-1
194,-1.0,-1.0,-1.0,-1.0,-1
195,-1.0,-1.0,-1.0,-1.0,-1
196,-1.0,-1.0,-1.0,-1.0,-1
197,-1.0,-1.0,-1.0,-1.0,-1
198,-1.0,-1.0,-1.0,-1.0,-1
199,-1.0,-1.0,-1.0,-1.0,-1
200,-1.0,-1.0,-1.0,-1.0,-1
201,-1.0,-1.0,-1.0,-1.0,-1
202,-1.0,-1.0,-1.0,-1.0,-1
203,-1.0,-1.0,-1.0,-1.0,-1
204,-1.0,-1.0,-1.0,-1.0,-1
205,-1.0,-1.0,-1.0,-1.0,-1
206,-1.0,-1.0,-1.0,-1.0,-1
207,-1.0,-1.0,-1.0,-1.0,-1
208,-1.0,-1.0,-1.0,-1.0,-1
209,-1.0,-1.0,-1.0,-1.0,-1
210,-1.0,-1.0,-1.0,-1.0,-1
211,-1.0,-1.0,-1.0,-1.0,-1
212,-1.0,-1.0,-1.0,-1.0,-1
213,-1.0,-1.0,-1.0,-1.0,-1
214,-1.0,-1.0,-1.0,-1.0,-1
215,-1.0,-1.0,-1.0,-1.0,-1
216,-1.0,-1.0,-1.0,-1.0,-1
217,-1.0,-1.0,-1.0,-1.0,-1
218,-1.0,-1.0,-1.0,-1.0,-1
219,-1.0,-1.0,-1.0,-1.0,-1
220,-1.0,-1.0,-1.0,-1.0,-1
221,-1.0,-1.0,-1.0,-1.0,-1
222,-1.0,-1.0,-1.0,-1.0,-1
223,-1.0,-1.0,-1.0,-1.0,-1
224,-1.0,-1.0,-1.0,-1.0,-1
225,-1.0,-1.0,-1.0,-1.0,-1
226,-1.0,-1.0,-1.0,-1.0,-1
227,-1.0,-1.0,-1.0,-1.0,-1
228,-1.0,-1.0,-1.0,-1.0,-1
229,-1.0,-1.0,-1.0,-1.0,-1
230,-1.0,-1.0,-1.0,-1.0,-1
231,-1.0,-1.0,-1.0,-1.0,-1
232,-1.0,-1.0,-1.0,-1.0,-1
233,-1.0,-1.0,-1.0,-1.0,-1
234,-1.0,-1.0,-1.0,-1.0,-1
235,-1.0,-1.0,-1.0,-1.0,-1
236,-1.0,-1.0,-1.0,-1.0,-1
237,-1.0,-1.0,-1.0,-1.0,-1
238,-1.0,-1.0,-1.0,-1.0,-1
239,-1.0,-1.0,-1.0,-1.0,-1
240,-1.0,-1.0,-1.0,-1.0,-1
241,-1.0,-1.0,-1.0,-1.0,-1
242,-1.0,-1.0,-1.0,-1.0,-1
243,-1.0,-1.0,-1.0,-1.0,-1
244,-1.0,-1.0,-1.0,-1.0,-1
245,-1.0,-1.0,-1.0,-1.0,-1
246,-1.0,-1.0,-1.0,-1.0,-1
247,-1.0,-1.0,-1.0,-1.0,-1
248,-1.0,-1.0,-1.0,-1.0,-1
249,-1.0,-1.0,-1.0,-1.0,-1
250,-1.0,-1.0,-1.0,-1.0,-1
251,-1.0,-1.0,-1.0,-1.0,-1
252,-1.0,-1.0,-1.0,-1.0,-1
253,-1.0,-1.0,-1.0,-1.0,-1
254,-1.0,-1.0,-1.0,-1.0,-1
255,-1.0,-1.0,-1.0,-1.0,-1
256,-1.0,-1.0,-1.0,-1.0,-1
257,-1.0,-1.0,-1.0,-1.0,-1
258,-1.0,-1.0,-1.0,-1.0,-1
259,-1.0,-1.0,-1.0,-1.0,-1
260,-1.0,-1.0,-1.0,-1.0,-1
261,-1.0,-1.0,-1.0,-1.0,-1
262,-1.0,-1.0,-1.0,-1.0,-1
263,-1.0,-1.0,-1.0,-1.0,-1
264,-1.0,-1.0,-1.0,-1.0,-1
265,-1.0,-1.0,-1.0,-1.0,-1
266,-1.0,-1.0,-1.0,-1.0,-1
267,-1.0,-1.0,-1.0,-1.0,-1
268,-1.0,-1.0,-1.0,-1.0,-1
269,-1.0,-1.0,-1.0,-1.0,-1
270,-1.0,-1.0,-1.0,-1.0,-1
271,-1.0,-1.0,-1.0,-1.0,-1
272,-1.0,-1.0,-1.0,-1.0,-1
273,-1.0,-1.0,-1.0,-1.0,-1
274,-1.0,-1.0,-1.0,-1.0,-1
275,-1.0,-1.0,-1.0,-1.0,-1
276,-1.0,-1.0,-1.0,-1.0,-1
277,-1.0,-1.0,-1.0,-1.0,-1
278,-1.0,-1.0,-1.0,-1.0,-1
279,-1.0,-1.0,-1.0,-1.0,-1
280,-1.0,-1.0,-1.0,-1.0,-1
281,-1.0,-1.0,-1.0,-1.0,-1
282,-1.0,-1.0,-1.0,-1.0,-1
283,-1.0,-1.0,-1.0,-1.0,-1
284,-1.0,-1.0,-1.0,-1.0,-1
285,-1.0,-1.0,-1.0,-1.0,-1
286,-1.0,-1.0,-1.0,-1.0,-1
287,-1.0,-1.0,-1.0,-1.0,-1
288,-1.0,-1.0,-1.0,-1.0,-1
289,-1.0,-1.0,-1.0,-1.0,-1
290,-1.0,-1.0,-1.0,-1.0,-1
291,-1.0,-1.0,-1.0,-1.0,-1
292,-1.0,-1.0,-1.0,-1.0,-1
293,-1.0,-1.0,-1.0,-1.0,-1
294,-1.0,-1.0,-1.0,-1.0,-1
295,-1.0,-1.0,-1.0,-1.0,-1
296,-1.0,-1.0,-1.0,-1.0,-1
297,-1.0,-1.0,-1.0,-1.0,-1
298,-1.0,-1.0,-1.0,-1.0,-1
299,-1.0,-1.0,-1.0,-1.0,-1
300,-1.0,-1.0,-1.0,-1.0,-1
301,-1.0,-1.0,-1.0,-1.0,-1
302,-1.0,-1.0,-1.0,-1.0,-1
303,-1.0,-1.0,-1.0,-1.0,-1
304,-1.0,-1.0,-1.0,-1.0,-1
305,-1.0,-1.0,-1.0,-1.0,-1
306,-1.0,-1.0,-1.0,-1.0,-1
307,-1.0,-1.0,-1.0,-1.0,-1
308,-1.0,-1.0,-1.0,-1.0,-1
309,-1.0,-1.0,-1.0,-1.0,-1
310,-1.0,-1.0,-1.0,-1.0,-1
311,-1.0,-1.0,-1.0,-1.0,-1
312,-1.0,-1.0,-1.0,-1.0,-1
313,-1.0,-1.0,-1.0,-1.0,-1
314,-1.0,-1.0,-1.0,-1.0,-1
315,-1.0,-1.0,-1.0,-1.0,-1
316,-1.0,-1.0,-1.0,-1.0,-1
317,-1.0,-1.0,-1.0,-1.0,-1
318,-1.0,-1.0,-1.0,-1.0,-1
319,-1.0,-1.0,-1.0,-1.0,-1
320,-1.0,-1.0,-1.0,-1.0,-1
321,-1.0,-1.0,-1.0,-1.0,-1
322,-1.0,-1.0,-1.0,-1.0,-1
323,-1.0,-1.0,-1.0,-1.0,-1
324,-1.0,-1.0,-1.0,-1.0,-1
325,-1.0,-1.0,-1.0,-1.0,-1
326,-1.0,-1.0,-1.0,-1.0,-1
327,-1.0,-1.0,-1.0,-1.0,-1
328,-1.0,-1.0,-1.0,-1.0,-1
329,-1.0,-1.0,-1.0,-1.0,-1
330,-1.0,-1.0,-1.0,-1.0,-1
331,-1.0,-1.0,-1.0,-1.0,-1
332,-1.0,-1.0,-1.0,-1.0,-1
333,-1.0,-1.0,-1.0,-1.0,-1
334,-1.0,-1.0,-1.0,-1.0,-1
335,-1.0,-1.0,-1.0,-1.0,-1
336,-1.0,-1.0,-1.0,-1.0,-1
337,-1.0,-1.0,-1.0,-1.0,-1
338,-1.0,-1.0,-1.0,-1.0,-1
339,-1.0,-1.0,-1.0,-1.0,-1
340,-1.0,-1.0,-1.0,-1.0,-1
341,-1.0,-1.0,-1.0,-1.0,-1
342,-1.0,-1.0,-1.0,-1.0,-1
343,-1.0,-1.0,-1.0,-1.0,-1
344,-1.0,-1.0,-1.0,-1.0,-1
345,-1.0,-1.0,-1.0,-1.0,-1
346,-1.0,-1.0,-1.0,-1.0,-1
347,-1.0,-1.0,-1.0,-1.0,-1
348,-1.0,-1.0,-1.0,-1.0,-1
349,-1.0,-1.0,-1.0,-1.0,-1
350,-1.0,-1.0,-1.0,-1.0,-1
351,-1.0,-1.0,-1.0,-1.0,-1
352,-1.0,-1.0,-1.0,-1.0,-1
353,-1.0,-1.0,-1.0,-1.0,-1
354,-1.0,-1.0,-1.0,-1.0,-1
355,-1.0,-1.0,-1.0,-1.0,-1
356,-1.0,-1.0,-1.0,-1.0,-1
357,-1.0,-1.0,-1.0,-1.0,-1
358,-1.0,-1.0,-1.0,-1.0,-1
359,-1.0,-1.0,-1.0,-1.0,-1
360,-1.0,-1.0,-1.0,-1.0,-1
361,-1.0,-1.0,-1.0,-1.0,-1
362,-1.0,-1.0,-1.0,-1.0,-1
363,-1.0,-1.0,-1.0,-1.0,-1
364,-1.0,-1.0,-1.0,-1.0,-1
365,-1.0,-1.0,-1.0,-1.0,-1
366,-1.0,-1.0,-1.0,-1.0,-1
367,-1.0,-1.0,-1.0,-1.0,-1
368,-1.0,-1.0,-1.0,-1.0,-1
369,-1.0,-1.0,-1.0,-1.0,-1
370,-1.0,-1.0,-1.0,-1.0,-1
371,-1.0,-1.0,-1.0,-1.0,-1
372,-1.0,-1.0,-1.0,-1.0,-1
373,-1.0,-1.0,-1.0,-1.0,-1
374,-1.0,-1.0,-1.0,-1.0,-1
375,-1.0,-1.0,-1.0,-1.0,-1
376,-1.0,-1.0,-1.0,-1.0,-1
377,-1.0,-1.0,-1.0,-1.0,-1
378,-1.0,-1.0,-1.0,-1.0,-1
379,-1.0,-1.0,-1.0,-1.0,-1
380,-1.0,-1.0,-1.0,-1.0,-1
381,-1.0,-1.0,-1.0,-1.0,-1
382,-1.0,-1.0,-1.0,-1.0,-1
383,-1.0,-1.0,-1.0,-1.0,-1
384,-1.0,-1.0,-1.0,-1.0,-1
385,-1.0,-1.0,-1.0,-1.0,-1
386,-1.0,-1.0,-1.0,-1.0,-1
387,-1.0,-1.0,-1.0,-1.0,-1
388,-1.0,-1.0,-1.0,-1.0,-1
389,-1.0,-1.0,-1.0,-1.0,-1
390,-1.0,-1.0,-1.0,-1.0,-1
391,-1.0,-1.0,-1.0,-1.0,-1
392,-1.0,-1.0,-1.0,-1.0,-1
393,-1.0,-1.0,-1.0,-1.0,-1
394,-1.0,-1.0,-1.0,-1.0,-1
395,-1.0,-1.0,-1.0,-1.0,-1
396,-1.0,-1.0,-1.0,-1.0,-1
397,-1.0,-1.0,-1.0,-1.0,-1
398,-1.0,-1.0,-1.0,-1.0,-1
399,-1.0,-1.0,-1.0,-1.0,-1
400,-1.0,-1.0,-1.0,-1.0,-1
401,-1.0,-1.0,-1.0,-1.0,-1
402,-1.0,-1.0,-1.0,-1.0,-1
403,-1.0,-1.0,-1.0,-1.0,-1
404,-1.0,-1.0,-1.0,-1.0,-1
405,-1.0,-1.0,-1.0,-1.0,-1
406,-1.0,-1.0,-1.0,-1.0,-1
407,-1.0,-1.0,-1.0,-1.0,-1
408,-1.0,-1.0,-1.0,-1.0,-1
409,-1.0,-1.0,-1.0,-1.0,-1
410,-1.0,-1.0,-1.0,-1.0,-1
411,-1.0,-1.0,-1.0,-1.0,-1
412,-1.0,-1.0,-1.0,-1.0,-1
413,-1.0,-1.0,-1.0,-1.0,-1
414,-1.0,-1.0,-1.0,-1.0,-1
415,-1.0,-1.0,-1.0,-1.0,-1
416,-1.0,-1.0,-1.0,-1.0,-1
417,-1.0,-1.0,-1.0,-1.0,-1
418,-1.0,-1.0,-1.0,-1.0,-1
419,-1.0,-1.0,-1.0,-1.0,-1
420,-1.0,-1.0,-1.0,-1.0,-1
421,-1.0,-1.0,-1.0,-1.0,-1
422,-1.0,-1.0,-1.0,-1.0,-1
423,-1.0,-1.0,-1.0,-1.0,-1
424,-1.0,-1.0,-1.0,-1.0,-1
425,-1.0,-1.0,-1.0,-1.0,-1
426,-1.0,-1.0,-1.0,-1.0,-1
427,-1.0,-1.0,-1.0,-1.0,-1
428,-1.0,-1.0,-1.0,-1.0,-1
429,-1.0,-1.0,-1.0,-1.0,-1
430,-1.0,-1.0,-1.0,-1.0,-1
431,-1.0,-1.0,-1.0,-1.0,-1
432,-1.0,-1.0,-1.0,-1.0,-1
433,-1.0,-1.0,-1.0,-1.0,-1
434,-1.0,-1.0,-1.0,-1.0,-1
435,-1.0,-1.0,-1.0,-1.0,-1
436,-1.0,-1.0,-1.0,-1.0,-1
437,-1.0,-1.0,-1.0,-1.0,-1
438,-1.0,-1.0,-1.0,-1.0,-1
439,-1.0,-1.0,-1.0,-1.0,-1
440,-1.0,-1.0,-1.0,-1.0,-1
441,-1.0,-1.0,-1.0,-1.0,-1
442,-1.0,-1.0,-1.0,-1.0,-1
443,-1.0,-1.0,-1.0,-1.0,-1
444,-1.0,-1.0,-1.0,-1.0,-1
445,-1.0,-1.0,-1.0,-1.0,-1
446,-1.0,-1.0,-1.0,-1.0,-1
447,-1.0,-1.0,-1.0,-1.0,-1
448,-1.0,-1.0,-1.0,-1.0,-1
449,-1.0,-1.0,-1.0,-1.0,-1
450,-1.0,-1.0,-1.0,-1.0,-1
451,-1.0,-1.0,-1.0,-1.0,-1
452,-1.0,-1.0,-1.0,-1.0,-1
453,-1.0,-1.0,-1.0,-1.0,-1
454,-1.0,-1.0,-1.0,-1.0,-1
455,-1.0,-1.0,-1.0,-1.0,-1
456,-1.0,-1.0,-1.0,-1.0,-1
457,-1.0,-1.0,-1.0,-1.0,-1
458,-1.0,-1.0,-1.0,-1.0,-1
459,-1.0,-1.0,-1.0,-1.0,-1
460,-1.0,-1.0,-1.0,-1.0,-1
461,-1.0,-1.0,-1.0,-1.0,-1
462,-1.0,-1.0,-1.0,-1.0,-1
463,-1.0,-1.0,-1.0,-1.0,-1
464,-1.0,-1.0,-1.0,-1.0,-1
465,-1.0,-1.0,-1.0,-1.0,-1
466,-1.0,-1.0,-1.0,-1.0,-1
467,-1.0,-1.0,-1.0,-1.0,-1
468,-1.0,-1.0,-1.0,-1.0,-1
469,-1.0,-1.0,-1.0,-1.0,-1
470,-1.0,-1.0,-1.0,-1.0,-1
471,-1.0,-1.0,-1.0,-1.0,-1
472,-1.0,-1.0,-1.0,-1.0,-1
473,-1.0,-1.0,-1.0,-1.0,-1
474,-1.0,-1.0,-1.0,-1.0,-1
475,-1.0,-1.0,-1.0,-1.0,-1
476,-1.0,-1.0,-1.0,-1.0,-1
477,-1.0,-1.0,-1.0,-1.0,-1
478,-1.0,-1.0,-1.0,-1.0,-1
479,-1.0,-1.0,-1.0,-1.0,-1
480,-1.0,-1.0,-1.0,-1.0,-1
481,-1.0,-1.0,-1.0,-1.0,-1
482,-1.0,-1.0,-1.0,-1.0,-1
483,-1.0,-1.0,-1.0,-1.0,-1
484,-1.0,-1.0,-1.0,-1.0,-1
485,-1.0,-1.0,-1.0,-1.0,-1
486,-1.0,-1.0,-1.0,-1.0,-1
487,-1.0,-1.0,-1.0,-1.0,-1
488,-1.0,-1.0,-1.0,-1.0,-1
489,-1.0,-1.0,-1.0,-1.0,-1
490,-1.0,-1.0,-1.0,-1.0,-1
491,-1.0,-1.0,-1.0,-1.0,-1
492,-1.0,-1.0,-1.0,-1.0,-1
493,-1.0,-1.0,-1.0,-1.0,-1
494,-1.0,-1.0,-1.0,-1.0,-1
495,-1.0,-1.0,-1.0,-1.0,-1
496,-1.0,-1.0,-1.0,-1.0,-1
497,-1.0,-1.0,-1.0,-1.0,-1
498,-1.0,-1.0,-1.0,-1.0,-1
499,-1.0,-1.0,-1.0,-1.0,-1
500,-1.0,-1.0,-1.0,-1.0,-1
501,-1.0,-1.0,-1.0,-1.0,-1
502,-1.0,-1.0,-1.0,-1.0,-1
503,-1.0,-1.0,-1.0,-1.0,-1
504,-1.0,-1.0,-1.0,-1.0,-1
505,-1.0,-1.0,-1.0,-1.0,-1
506,-1.0,-1.0,-1.0,-1.0,-1
507,-1.0,-1.0,-1.0,-1.0,-1
508,-1.0,-1.0,-1.0,-1.0,-1
509,-1.0,-1.0,-1.0,-1.0,-1
510,-1.0,-1.0,-1.0,-1.0,-1
511,-1.0,-1.0,-1.0,-1.0,-1
512,-1.0,-1.0,-1.0,-1.0,-1
513,-1.0,-1.0,-1.0,-1.0,-1
514,-1.0,-1.0,-1.0,-1.0,-1
515,-1.0,-1.0,-1.0,-1.0,-1
516,-1.0,-1.0,-1.0,-1.0,-1
517,-1.0,-1.0,-1.0,-1.0,-1
518,-1.0,-1.0,-1.0,-1.0,-1
519,-1.0,-1.0,-1.0,-1.0,-1
520,-1.0,-1.0,-1.0,-1.0,-1
521,-1.0,-1.0,-1.0,-1.0,-1
522,-1.0,-1.0,-1.0,-1.0,-1
523,-1.0,-1.0,-1.0,-1.0,-1
524,-1.0,-1.0,-1.0,-1.0,-1
525,-1.0,-1.0,-1.0,-1.0,-1
526,-1.0,-1.0,-1.0,-1.0,-1
527,-1.0,-1.0,-1.0,-1.0,-1
528,-1.0,-1.0,-1.0,-1.0,-1
529,-1.0,-1.0,-1.0,-1.0,-1
530,-1.0,-1.0,-1.0,-1.0,-1
531,-1.0,-1.0,-1.0,-1.0,-1
532,-1.0,-1.0,-1.0,-1.0,-1
533,-1.0,-1.0,-1.0,-1.0,-1
534,-1.0,-1.0,-1.0,-1.0,-1
535,-1.0,-1.0,-1.0,-1.0,-1
536,-1.0,-1.0,-1.0,-1.0,-1
537,-1.0,-1.0,-1.0,-1.0,-1
538,-1.0,-1.0,-1.0,-1.0,-1
539,-1.0,-1.0,-1.0,-1.0,-1
540,-1.0,-1.0,-1.0,-1.0,-1
541,-1.0,-1.0,-1.0,-1.0,-1
542,-1.0,-1.0,-1.0,-1.0,-1
543,-1.0,-1.0,-1.0,-1.0,-1
544,-1.0,-1.0,-1.0,-1.0,-1
545,-1.0,-1.0,-1.0,-1.0,-1
546,-1.0,-1.0,-1.0,-1.0,-1
547,-1.0,-1.0,-1.0,-1.0,-1
548,-1.0,-1.0,-1.0,-1.0,-1
549,-1.0,-1.0,-1.0,-1.0,-1
550,-1.0,-1.0,-1.0,-1.0,-1
551,-1.0,-1.0,-1.0,-1.0,-1
552,-1.0,-1.0,-1.0,-1.0,-1
553,-1.0,-1.0,-1.0,-1.0,-1
554,-1.0,-1.0,-1.0,-1.0,-1
555,-1.0,-1.0,-1.0,-1.0,-1
556,-1.0,-1.0,-1.0,-1.0,-1
557,-1.0,-1.0,-1.0,-1.0,-1
558,-1.0,-1.0,-1.0,-1.0,-1
559,-1.0,-1.0,-1.0,-1.0,-1
560,-1.0,-1.0,-1.0,-1.0,-1
561,-1.0,-1.0,-1.0,-1.0,-1
562,-1.0,-1.0,-1.0,-1.0,-1
563,-1.0,-1.0,-1.0,-1.0,-1
564,-1.0,-1.0,-1.0,-1.0,-1
565,-1.0,-1.0,-1.0,-1.0,-1
566,-1.0,-1.0,-1.0,-1.0,-1
567,-1.0,-1.0,-1.0,-1.0,-1
568,-1.0,-1.0,-1.0,-1.0,-1
569,-1.0,-1.0,-1.0,-1.0,-1
570,-1.0,-1.0,-1.0,-1.0,-1
571,-1.0,-1.0,-1.0,-1.0,-1
572,-1.0,-1.0,-1.0,-1.0,-1
573,-1.0,-1.0,-1.0,-1.0,-1
574,-1.0,-1.0,-1.0,-1.0,-1
575,-1.0,-1.0,-1.0,-1.0,-1
576,-1.0,-1.0,-1.0,-1.0,-1
577,-1.0,-1.0,-1.0,-1.0,-1
578,-1.0,-1.0,-1.0,-1.0,-1
579,-1.0,-1.0,-1.0,-1.0,-1
580,-1.0,-1.0,-1.0,-1.0,-1
581,-1.0,-1.0,-1.0,-1.0,-1
582,-1.0,-1.0,-1.0,-1.0,-1
583,-1.0,-1.0,-1.0,-1.0,-1
584,-1.0,-1.0,-1.0,-1.0,-1
585,-1.0,-1.0,-1.0,-1.0,-1
586,-1.0,-1.0,-1.0,-1.0,-1
587,-1.0,-1.0,-1.0,-1.0,-1
588,-1.0,-1.0,-1.0,-1.0,-1
589,-1.0,-1.0,-1.0,-1.0,-1
590,-1.0,-1.0,-1.0,-1.0,-1
591,-1.0,-1.0,-1.0,-1.0,-1
592,-1.0,-1.0,-1.0,-1.0,-1
593,-1.0,-1.0,-1.0,-1.0,-1
594,-1.0,-1.0,-1.0,-1.0,-1
595,-1.0,-1.0,-1.0,-1.0,-1
596,-1.0,-1.0,-1.0,-1.0,-1
597,-1.0,-1.0,-1.0,-1.0,-1
598,-1.0,-1.0,-1.0,-1.0,-1
599,-1.0,-1.0,-1.0,-1.0,-1
600,-1.0,-1.0,-1.0,-1.0,-1
601,-1.0,-1.0,-1.0,-1.0,-1
602,-1.0,-1.0,-1.0,-1.0,-1
603,-1.0,-1.0,-1.0,-1.0,-1
604,-1.0,-1.0,-1.0,-1.0,-1
605,-1.0,-1.0,-1.0,-1.0,-1
606,-1.0,-1.0,-1.0,-1.0,-1
607,-1.0,-1.0,-1.0,-1.0,-1
608,-1.0,-1.0,-1.0,-1.0,-1
609,-1.0,-1.0,-1.0,-1.0,-1
610,-1.0,-1.0,-1.0,-1.0,-1
611,-1.0,-1.0,-1.0,-1.0,-1
612,-1.0,-1.0,-1.0,-1.0,-1
613,-1.0,-1.0,-1.0,-1.0,-1
614,-1.0,-1.0,-1.0,-1.0,-1
615,-1.0,-1.0,-1.0,-1.0,-1
616,-1.0,-1.0,-1.0,-1.0,-1
617,-1.0,-1.0,-1.0,-1.0,-1
618,-1.0,-1.0,-1.0,-1.0,-1
619,-1.0,-1.0,-1.0,-1.0,-1
620,-1.0,-1.0,-1.0,-1.0,-1
621,-1.0,-1.0,-1.0,-1.0,-1
622,-1.0,-1.0,-1.0,-1.0,-1
623,-1.0,-1.0,-1.0,-1.0,-1
624,-1.0,-1.0,-1.0,-1.0,-1
625,-1.0,-1.0,-1.0,-1.0,-1
626,-1.0,-1.0,-1.0,-1.0,-1
627,-1.0,-1.0,-1.0,-1.0,-1
628,-1.0,-1.0,-1.0,-1.0,-1
629,-1.0,-1.0,-1.0,-1.0,-1
630,-1.0,-1.0,-1.0,-1.0,-1
631,-1.0,-1.0,-1.0,-1.0,-1
632,-1.0,-1.0,-1.0,-1.0,-1
633,-1.0,-1.0,-1.0,-1.0,-1
634,-1.0,-1.0,-1.0,-1.0,-1
635,-1.0,-1.0,-1.0,-1.0,-1
636,-1.0,-1.0,-1.0,-1.0,-1
637,-1.0,-1.0,-1.0,-1.0,-1
638,-1.0,-1.0,-1.0,-1.0,-1
639,-1.0,-1.0,-1.0,-1.0,-1
640,-1.0,-1.0,-1.0,-1.0,-1
641,-1.0,-1.0,-1.0,-1.0,-1
642,-1.0,-1.0,-1.0,-1.0,-1
643,-1.0,-1.0,-1.0,-1.0,-1
644,-1.0,-1.0,-1.0,-1.0,-1
645,-1.0,-1.0,-1.0,-1.0,-1
646,-1.0,-1.0,-1.0,-1.0,-1
647,-1.0,-1.0,-1.0,-1.0,-1
648,-1.0,-1.0,-1.0,-1.0,-1
649,-1.0,-1.0,-1.0,-1.0,-1
650,-1.0,-1.0,-1.0,-1.0,-1
651,-1.0,-1.0,-1.0,-1.0,-1
652,-1.0,-1.0,-1.0,-1.0,-1
653,-1.0,-1.0,-1.0,-1.0,-1
654,-1.0,-1.0,-1.0,-1.0,-1
655,-1.0,-1.0,-1.0,-1.0,-1
656,-1.0,-1.0,-1.0,-1.0,-1
657,-1.0,-1.0,-1.0,-1.0,-1
658,-1.0,-1.0,-1.0,-1.0,-1
659,-1.0,-1.0,-1.0,-1.0,-1
660,-1.0,-1.0,-1.0,-1.0,-1
661,-1.0,-1.0,-1.0,-1.0,-1
662,-1.0,-1.0,-1.0,-1.0,-1
663,-1.0,-1.0,-1.0,-1.0,-1
664,-1.0,-1.0,-1.0,-1.0,-1
665,-1.0,-1.0,-1.0,-1.0,-1
666,-1.0,-1.0,-1.0,-1.0,-1
667,-1.0,-1.0,-1.0,-1.0,-1
668,-1.0,-1.0,-1.0,-1.0,-1
669,-1.0,-1.0,-1.0,-1.0,-1
670,-1.0,-1.0,-1.0,-1.0,-1
671,-1.0,-1.0,-1.0,-1.0,-1
672,-1.0,-1.0,-1.0,-1.0,-1
673,-1.0,-1.0,-1.0,-1.0,-1
674,-1.0,-1.0,-1.0,-1.0,-1
675,-1.0,-1.0,-1.0,-1.0,-1
676,-1.0,-1.0,-1.0,-1.0,-1
677,-1.0,-1.0,-1.0,-1.0,-1
678,-1.0,-1.0,-1.0,-1.0,-1
679,-1.0,-1.0,-1.0,-1.0,-1
680,-1.0,-1.0,-1.0,-1.0,-1
681,-1.0,-1.0,-1.0,-1.0,-1
682,-1.0,-1.0,-1.0,-1.0,-1
683,-1.0,-1.0,-1.0,-1.0,-1
684,-1.0,-1.0,-1.0,-1.0,-1
685,-1.0,-1.0,-1.0,-1.0,-1
686,-1.0,-1.0,-1.0,-1.0,-1
687,-1.0,-1.0,-1.0,-1.0,-1
688,-1.0,-1.0,-1.0,-1.0,-1
689,-1.0,-1.0,-1.0,-1.0,-1
690,-1.0,-1.0,-1.0,-1.0,-1
691,-1.0,-1.0,-1.0,-1.0,-1
692,-1.0,-1.0,-1.0,-1.0,-1
693,-1.0,-1.0,-1.0,-1.0,-1
694,-1.0,-1.0,-1.0,-1.0,-1
695,-1.0,-1.0,-1.0,-1.0,-1
696,-1.0,-1.0,-1.0,-1.0,-1
697,-1.0,-1.0,-1.0,-1.0,-1
698,-1.0,-1.0,-1.0,-1.0,-1
699,-1.0,-1.0,-1.0,-1.0,-1
700,-1.0,-1.0,-1.0,-1.0,-1
701,-1.0,-1.0,-1.0,-1.0,-1
702,-1.0,-1.0,-1.0,-1.0,-1
703,-1.0,-1.0,-1.0,-1.0,-1
704,-1.0,-1.0,-1.0,-1.0,-1
705,-1.0,-1.0,-1.0,-1.0,-1
706,-1.0,-1.0,-1.0,-1.0,-1
707,-1.0,-1.0,-1.0,-1.0,-1
708,-1.0,-1.0,-1.0,-1.0,-1
709,-1.0,-1.0,-1.0,-1.0,-1
710,-1.0,-1.0,-1.0,-1.0,-1
711,-1.0,-1.0,-1.0,-1.0,-1
712,-1.0,-1.0,-1.0,-1.0,-1
713,-1.0,-1.0,-1.0,-1.0,-1
714,-1.0,-1.0,-1.0,-1.0,-1
715,-1.0,-1.0,-1.0,-1.0,-1
716,-1.0,-1.0,-1.0,-1.0,-1
717,-1.0,-1.0,-1.0,-1.0,-1
718,-1.0,-1.0,-1.0,-1.0,-1
719,-1.0,-1.0,-1.0,-1.0,-1
720,-1.0,-1.0,-1.0,-1.0,-1
721,-1.0,-1.0,-1.0,-1.0,-1
722,-1.0,-1.0,-1.0,-1.0,-1
723,-1.0,-1.0,-1.0,-1.0,-1
724,-1.0,-1.0,-1.0,-1.0,-1
725,-1.0,-1.0,-1.0,-1.0,-1
726,-1.0,-1.0,-1.0,-1.0,-1
727,-1.0,-1.0,-1.0,-1.0,-1
728,-1.0,-1.0,-1.0,-1.0,-1
729,-1.0,-1.0,-1.0,-1.0,-1
730,-1.0,-1.0,-1.0,-1.0,-1
731,-1.0,-1.0,-1.0,-1.0,-1
732,-1.0,-1.0,-1.0,-1.0,-1
733,-1.0,-1.0,-1.0,-1.0,-1
734,-1.0,-1.0,-1.0,-1.0,-1
735,-1.0,-1.0,-1.0,-1.0,-1
736,-1.0,-1.0,-1.0,-1.0,-1
737,-1.0,-1.0,-1.0,-1.0,-1
738,-1.0,-1.0,-1.0,-1.0,-1
739,-1.0,-1.0,-1.0,-1.0,-1
740,-1.0,-1.0,-1.0,-1.0,-1
741,-1.0,-1.0,-1.0,-1.0,-1
742,-1.0,-1.0,-1.0,-1.0,-1
743,-1.0,-1.0,-1.0,-1.0,-1
744,-1.0,-1.0,-1.0,-1.0,-1
745,-1.0,-1.0,-1.0,-1.0,-1
746,-1.0,-1.0,-1.0,-1.0,-1
747,-1.0,-1.0,-1.0,-1.0,-1
748,-1.0,-1.0,-1.0,-1.0,-1
749,-1.0,-1.0,-1.0,-1.0,-1
750,-1.0,-1.0,-1.0,-1.0,-1
751,-1.0,-1.0,-1.0,-1.0,-1
752,-1.0,-1.0,-1.0,-1.0,-1
753,-1.0,-1.0,-1.0,-1.0,-1
754,-1.0,-1.0,-1.0,-1.0,-1
755,-1.0,-1.0,-1.0,-1.0,-1
756,-1.0,-1.0,-1.0,-1.0,-1
757,-1.0,-1.0,-1.0,-1.0,-1
758,-1.0,-1.0,-1.0,-1.0,-1
759,-1.0,-1.0,-1.0,-1.0,-1
760,-1.0,-1.0,-1.0,-1.0,-1
761,-1.0,-1.0,-1.0,-1.0,-1
762,-1.3971,3.3191,-1.3927,-1.9948,1
763,0.39012,-0.14279,-0.031994,0.35084,1
764,-1.6677,-7.1535,7.8929,0.96765,1
765,-3.8483,-12.8047,15.6824,-1.281,1
766,-3.5681,-8.213,10.083,0.96765,1
767,-2.2804,-0.30626,1.3347,1.3763,1
768,-1.7582,2.7397,-2.5323,-2.234,1
769,-0.89409,3.1991,-1.8219,-2.9452,1
770,0.3434,0.12415,-0.28733,0.14654,1
771,-0.9854,-6.661,5.8245,0.5461,1
772,-2.4115,-9.1359,9.3444,-0.65259,1
773,-1.5252,-6.2534,5.3524,0.59912,1
774,-0.61442,-0.091058,-0.31818,0.50214,1
775,-0.36506,2.8928,-3.6461,-3.0603,1
776,-5.9034,6.5679,0.67661,-6.6797,1
777,-1.8215,2.7521,-0.72261,-2.353,1
778,-0.77461,-1.8768,2.4023,1.1319,1
779,-1.8187,-9.0366,9.0162,-0.12243,1
780,-3.5801,-12.9309,13.1779,-2.5677,1
781,-1.8219,-6.8824,5.4681,0.057313,1
782,-0.3481,-0.38696,-0.47841,0.62627,1
783,0.47368,3.3605,-4.5064,-4.0431,1
784,-3.4083,4.8587,-0.76888,-4.8668,1
785,-1.6662,-0.30005,1.4238,0.024986,1
786,-2.0962,-7.1059,6.6188,-0.33708,1
787,-2.6685,-10.4519,9.1139,-1.7323,1
788,-0.47465,-4.3496,1.9901,0.7517,1
789,1.0552,1.1857,-2.6411,0.11033,1
790,1.1644,3.8095,-4.9408,-4.0909,1
791,-4.4779,7.3708,-0.31218,-6.7754,1
792,-2.7338,0.45523,2.4391,0.21766,1
793,-2.286,-5.4484,5.8039,0.88231,1
794,-1.6244,-6.3444,4.6575,0.16981,1
795,0.50813,0.47799,-1.9804,0.57714,1
796,1.6408,4.2503,-4.9023,-2.6621,1
797,0.81583,4.84,-5.2613,-6.0823,1
798,-5.4901,9.1048,-0.38758,-5.9763,1
799,-3.2238,2.7935,0.32274,-0.86078,1
800,-2.0631,-1.5147,1.219,0.44524,1
801,-0.91318,-2.0113,-0.19565,0.066365,1
802,0.6005,1.9327,-3.2888,-0.32415,1
803,0.91315,3.3377,-4.0557,-1.6741,1
804,-0.28015,3.0729,-3.3857,-2.9155,1
805,-3.6085,3.3253,-0.51954,-3.5737,1
806,-6.2003,8.6806,0.0091344,-3.703,1
807,-4.2932,3.3419,0.77258,-0.99785,1
808,-3.0265,-0.062088,0.68604,-0.055186,1
809,-1.7015,-0.010356,-0.99337,-0.53104,1
810,-0.64326,2.4748,-2.9452,-1.0276,1
811,-0.86339,1.9348,-2.3729,-1.0897,1
812,-2.0659,1.0512,-0.46298,-1.0974,1
813,-2.1333,1.5685,-0.084261,-1.7453,1
814,-1.2568,-1.4733,2.8718,0.44653,1
815,-3.1128,-6.841,10.7402,-1.0172,1
816,-4.8554,-5.9037,10.9818,-0.82199,1
817,-2.588,3.8654,-0.3336,-1.2797,1
818,0.24394,1.4733,-1.4192,-0.58535,1
819,-1.5322,-5.0966,6.6779,0.17498,1
820,-4.0025,-13.4979,17.6772,-3.3202,1
821,-4.0173,-8.3123,12.4547,-1.4375,1
822,-3.0731,-0.53181,2.3877,0.77627,1
823,-1.979,3.2301,-1.3575,-2.5819,1
824,-0.4294,-0.14693,0.044265,-0.15605,1
825,-2.234,-7.0314,7.4936,0.61334,1
826,-4.211,-12.4736,14.9704,-1.3884,1
827,-3.8073,-8.0971,10.1772,0.65084,1
828,-2.5912,-0.10554,1.2798,1.0414,1
829,-2.2482,3.0915,-2.3969,-2.6711,1
830,-1.4427,3.2922,-1.9702,-3.4392,1
831,-0.39416,-0.020702,-0.066267,-0.44699,1
832,-1.522,-6.6383,5.7491,-0.10691,1
833,-2.8267,-9.0407,9.0694,-0.98233,1
834,-1.7263,-6.0237,5.2419,0.29524,1
835,-0.94255,0.039307,-0.24192,0.31593,1
836,-0.89569,3.0025,-3.6067,-3.4457,1
837,-6.2815,6.6651,0.52581,-7.0107,1
838,-2.3211,3.166,-1.0002,-2.7151,1
839,-1.3414,-2.0776,2.8093,0.60688,1
840,-2.258,-9.3263,9.3727,-0.85949,1
841,-3.8858,-12.8461,12.7957,-3.1353,1
842,-1.8969,-6.7893,5.2761,-0.32544,1
843,-0.52645,-0.24832,-0.45613,0.41938,1
844,0.0096613,3.5612,-4.407,-4.4103,1
845,-3.8826,4.898,-0.92311,-5.0801,1
846,-2.1405,-0.16762,1.321,-0.20906,1
847,-2.4824,-7.3046,6.839,-0.59053,1
848,-2.9098,-10.0712,8.4156,-1.9948,1
849,-0.60975,-4.002,1.8471,0.6017,1
850,0.83625,1.1071,-2.4706,-0.062945,1
851,0.60731,3.9544,-4.772,-4.4853,1
852,-4.8861,7.0542,-0.17252,-6.959,1
853,-3.1366,0.42212,2.6225,-0.064238,1
854,-2.5754,-5.6574,6.103,0.65214,1
855,-1.8782,-6.5865,4.8486,-0.021566,1
856,0.24261,0.57318,-1.9402,0.44007,1
857,1.296,4.2855,-4.8457,-2.9013,1
858,0.25943,5.0097,-5.0394,-6.3862,1
859,-5.873,9.1752,-0.27448,-6.0422,1
860,-3.4605,2.6901,0.16165,-1.0224,1
861,-2.3797,-1.4402,1.1273,0.16076,1
862,-1.2424,-1.7175,-0.52553,-0.21036,1
863,0.20216,1.9182,-3.2828,-0.61768,1
864,0.59823,3.5012,-3.9795,-1.7841,1
865,-0.77995,3.2322,-3.282,-3.1004,1
866,-4.1409,3.4619,-0.47841,-3.8879,1
867,-6.5084,8.7696,0.23191,-3.937,1
868,-4.4996,3.4288,0.56265,-1.1672,1
869,-3.3125,0.10139,0.55323,-0.2957,1
870,-1.9423,0.3766,-1.2898,-0.82458,1
871,-0.75793,2.5349,-3.0464,-1.2629,1
872,-0.95403,1.9824,-2.3163,-1.1957,1
873,-2.2173,1.4671,-0.72689,-1.1724,1
874,-2.799,1.9679,-0.42357,-2.1125,1
875,-1.8629,-0.84841,2.5377,0.097399,1
876,-3.5916,-6.2285,10.2389,-1.1543,1
877,-5.1216,-5.3118,10.3846,-1.0612,1
878,-3.2854,4.0372,-0.45356,-1.8228,1
879,-0.56877,1.4174,-1.4252,-1.1246,1
880,-2.3518,-4.8359,6.6479,-0.060358,1
881,-4.4861,-13.2889,17.3087,-3.2194,1
882,-4.3876,-7.7267,11.9655,-1.4543,1
883,-3.3604,-0.32696,2.1324,0.6017,1
884,-1.0112,2.9984,-1.1664,-1.6185,1
885,0.030219,-1.0512,1.4024,0.77369,1
886,-1.6514,-8.4985,9.1122,1.2379,1
887,-3.2692,-12.7406,15.5573,-0.14182,1
888,-2.5701,-6.8452,8.9999,2.1353,1
889,-1.3066,0.25244,0.7623,1.7758,1
890,-1.6637,3.2881,-2.2701,-2.2224,1
891,-0.55008,2.8659,-1.6488,-2.4319,1
892,0.21431,-0.69529,0.87711,0.29653,1
893,-0.77288,-7.4473,6.492,0.36119,1
894,-1.8391,-9.0883,9.2416,-0.10432,1
895,-0.63298,-5.1277,4.5624,1.4797,1
896,0.0040545,0.62905,-0.64121,0.75817,1
897,-0.28696,3.1784,-3.5767,-3.1896,1
898,-5.2406,6.6258,-0.19908,-6.8607,1
899,-1.4446,2.1438,-0.47241,-1.6677,1
900,-0.65767,-2.8018,3.7115,0.99739,1
901,-1.5449,-10.1498,9.6152,-1.2332,1
902,-2.8957,-12.0205,11.9149,-2.7552,1
903,-0.81479,-5.7381,4.3919,0.3211,1
904,0.50225,0.65388,-1.1793,0.39998,1
905,0.74521,3.6357,-4.4044,-4.1414,1
906,-2.9146,4.0537,-0.45699,-4.0327,1
907,-1.3907,-1.3781,2.3055,-0.021566,1
908,-1.786,-8.1157,7.0858,-1.2112,1
909,-1.7322,-9.2828,7.719,-1.7168,1
910,0.55298,-3.4619,1.7048,1.1008,1
911,2.031,1.852,-3.0121,0.003003,1
912,1.2279,4.0309,-4.6435,-3.9125,1
913,-4.2249,6.2699,0.15822,-5.5457,1
914,-2.5346,-0.77392,3.3602,0.00171,1
915,-1.749,-6.332,6.0987,0.14266,1
916,-0.539,-5.167,3.4399,0.052141,1
917,1.5631,0.89599,-1.9702,0.65472,1
918,2.3917,4.5565,-4.9888,-2.8987,1
919,0.89512,4.7738,-4.8431,-5.5909,1
920,-5.4808,8.1819,0.27818,-5.0323,1
921,-2.8833,1.7713,0.68946,-0.4638,1
922,-1.4174,-2.2535,1.518,0.61981,1
923,0.4283,-0.94981,-1.0731,0.3211,1
924,1.5904,2.2121,-3.1183,-0.11725,1
925,1.7425,3.6833,-4.0129,-1.7207,1
926,-0.23356,3.2405,-3.0669,-2.7784,1
927,-3.6227,3.9958,-0.35845,-3.9047,1
928,-6.1536,7.9295,0.61663,-3.2646,1
929,-3.9172,2.6652,0.78886,-0.7819,1
930,-2.2214,-0.23798,0.56008,0.05602,1
931,-0.49241,0.89392,-1.6283,-0.56854,1
932,0.26517,2.4066,-2.8416,-0.59958,1
933,-0.10234,1.8189,-2.2169,-0.56725,1
934,-1.6176,1.0926,-0.35502,-0.59958,1
935,-1.8448,1.254,0.27218,-1.0728,1
936,-1.2786,-2.4087,4.5735,0.47627,1
937,-2.902,-7.6563,11.8318,-0.84268,1
938,-4.3773,-5.5167,10.939,-0.4082,1
939,-2.0529,3.8385,-0.79544,-1.2138,1
940,0.18868,0.70148,-0.51182,0.0055892,1
941,-1.7279,-6.841,8.9494,0.68058,1
942,-3.3793,-13.7731,17.9274,-2.0323,1
943,-3.1273,-7.1121,11.3897,-0.083634,1
944,-2.121,-0.05588,1.949,1.353,1
945,-1.7697,3.4329,-1.2144,-2.3789,1
946,-0.0012852,0.13863,-0.19651,0.0081754,1
947,-1.682,-6.8121,7.1398,1.3323,1
948,-3.4917,-12.1736,14.3689,-0.61639,1
949,-3.1158,-8.6289,10.4403,0.97153,1
950,-2.0891,-0.48422,1.704,1.7435,1
951,-1.6936,2.7852,-2.1835,-1.9276,1
952,-1.2846,3.2715,-1.7671,-3.2608,1
953,-0.092194,0.39315,-0.32846,-0.13794,1
954,-1.0292,-6.3879,5.5255,0.79955,1
955,-2.2083,-9.1069,8.9991,-0.28406,1
956,-1.0744,-6.3113,5.355,0.80472,1
957,-0.51003,-0.23591,0.020273,0.76334,1
958,-0.36372,3.0439,-3.4816,-2.7836,1
959,-6.3979,6.4479,1.0836,-6.6176,1
960,-2.2501,3.3129,-0.88369,-2.8974,1
961,-1.1859,-1.2519,2.2635,0.77239,1
962,-1.8076,-8.8131,8.7086,-0.21682,1
963,-3.3863,-12.9889,13.0545,-2.7202,1
964,-1.4106,-7.108,5.6454,0.31335,1
965,-0.21394,-0.68287,0.096532,1.1965,1
966,0.48797,3.5674,-4.3882,-3.8116,1
967,-3.8167,5.1401,-0.65063,-5.4306,1
968,-1.9555,0.20692,1.2473,-0.3707,1
969,-2.1786,-6.4479,6.0344,-0.20777,1
970,-2.3299,-9.9532,8.4756,-1.8733,1
971,0.0031201,-4.0061,1.7956,0.91722,1
972,1.3518,1.0595,-2.3437,0.39998,1
973,1.2309,3.8923,-4.8277,-4.0069,1
974,-5.0301,7.5032,-0.13396,-7.5034,1
975,-3.0799,0.60836,2.7039,-0.23751,1
976,-2.2987,-5.227,5.63,0.91722,1
977,-1.239,-6.541,4.8151,-0.033204,1
978,0.75896,0.29176,-1.6506,0.83834,1
979,1.6799,4.2068,-4.5398,-2.3931,1
980,0.63655,5.2022,-5.2159,-6.1211,1
981,-6.0598,9.2952,-0.43642,-6.3694,1
982,-3.518,2.8763,0.1548,-1.2086,1
983,-2.0336,-1.4092,1.1582,0.36507,1
984,-0.69745,-1.7672,-0.34474,-0.12372,1
985,0.75108,1.9161,-3.1098,-0.20518,1
986,0.84546,3.4826,-3.6307,-1.3961,1
987,-0.55648,3.2136,-3.3085,-2.7965,1
988,-3.6817,3.2239,-0.69347,-3.4004,1
989,-6.7526,8.8172,-0.061983,-3.725,1
990,-4.577,3.4515,0.66719,-0.94742,1
991,-2.9883,0.31245,0.45041,0.068951,1
992,-1.4781,0.14277,-1.1622,-0.48579,1
993,-0.46651,2.3383,-2.9812,-1.0431,1
994,-0.8734,1.6533,-2.1964,-0.78061,1
995,-2.1234,1.1815,-0.55552,-0.81165,1
996,-2.3142,2.0838,-0.46813,-1.6767,1
997,-1.4233,-0.98912,2.3586,0.39481,1
998,-3.0866,-6.6362,10.5405,-0.89182,1
999,-4.7331,-6.1789,11.388,-1.0741,1
1000,-2.8829,3.8964,-0.1888,-1.1672,1
1001,-0.036127,1.525,-1.4089,-0.76121,1
1002,-1.7104,-4.778,6.2109,0.3974,1
1003,-3.8203,-13.0551,16.9583,-2.3052,1
1004,-3.7181,-8.5089,12.363,-0.95518,1
1005,-2.899,-0.60424,2.6045,1.3776,1
1006,-0.98193,2.7956,-1.2341,-1.5668,1
1007,-0.17296,-1.1816,1.3818,0.7336,1
1008,-1.9409,-8.6848,9.155,0.94049,1
1009,-3.5713,-12.4922,14.8881,-0.47027,1
1010,-2.9915,-6.6258,8.6521,1.8198,1
1011,-1.8483,0.31038,0.77344,1.4189,1
1012,-2.2677,3.2964,-2.2563,-2.4642,1
1013,-0.50816,2.868,-1.8108,-2.2612,1
1014,0.14329,-1.0885,1.0039,0.48791,1
1015,-0.90784,-7.9026,6.7807,0.34179,1
1016,-2.0042,-9.3676,9.3333,-0.10303,1
1017,-0.93587,-5.1008,4.5367,1.3866,1
1018,-0.40804,0.54214,-0.52725,0.6586,1
1019,-0.8172,3.3812,-3.6684,-3.456,1
1020,-4.8392,6.6755,-0.24278,-6.5775,1
1021,-1.2792,2.1376,-0.47584,-1.3974,1
1022,-0.66008,-3.226,3.8058,1.1836,1
1023,-1.7713,-10.7665,10.2184,-1.0043,1
1024,-3.0061,-12.2377,11.9552,-2.1603,1
1025,-1.1022,-5.8395,4.5641,0.68705,1
1026,0.11806,0.39108,-0.98223,0.42843,1
1027,0.11686,3.735,-4.4379,-4.3741,1
1028,-2.7264,3.9213,-0.49212,-3.6371,1
1029,-1.2369,-1.6906,2.518,0.51636,1
1030,-1.8439,-8.6475,7.6796,-0.66682,1
1031,-1.8554,-9.6035,7.7764,-0.97716,1
1032,0.16358,-3.3584,1.3749,1.3569,1
1033,1.5077,1.9596,-3.0584,-0.12243,1
1034,0.67886,4.1199,-4.569,-4.1414,1
1035,-3.9934,5.8333,0.54723,-4.9379,1
1036,-2.3898,-0.78427,3.0141,0.76205,1
1037,-1.7976,-6.7686,6.6753,0.89912,1
1038,-0.70867,-5.5602,4.0483,0.903,1
1039,1.0194,1.1029,-2.3,0.59395,1
1040,1.7875,4.78,-5.1362,-3.2362,1
1041,0.27331,4.8773,-4.9194,-5.8198,1
1042,-5.1661,8.0433,0.044265,-4.4983,1
1043,-2.7028,1.6327,0.83598,-0.091393,1
1044,-1.4904,-2.2183,1.6054,0.89394,1
1045,-0.014902,-1.0243,-0.94024,0.64955,1
1046,0.88992,2.2638,-3.1046,-0.11855,1
1047,1.0637,3.6957,-4.1594,-1.9379,1
1048,-0.8471,3.1329,-3.0112,-2.9388,1
1049,-3.9594,4.0289,-0.35845,-3.8957,1
1050,-5.8818,7.6584,0.5558,-2.9155,1
1051,-3.7747,2.5162,0.83341,-0.30993,1
1052,-2.4198,-0.24418,0.70146,0.41809,1
1053,-0.83535,0.80494,-1.6411,-0.19225,1
1054,-0.30432,2.6528,-2.7756,-0.65647,1
1055,-0.60254,1.7237,-2.1501,-0.77027,1
1056,-2.1059,1.1815,-0.53324,-0.82716,1
1057,-2.0441,1.2271,0.18564,-1.091,1
1058,-1.5621,-2.2121,4.2591,0.27972,1
1059,-3.2305,-7.2135,11.6433,-0.94613,1
1060,-4.8426,-4.9932,10.4052,-0.53104,1
1061,-2.3147,3.6668,-0.6969,-1.2474,1
1062,-0.11716,0.60422,-0.38587,-0.059065,1
1063,-2.0066,-6.719,9.0162,0.099985,1
1064,-3.6961,-13.6779,17.5795,-2.6181,1
1065,-3.6012,-6.5389,10.5234,-0.48967,1
1066,-2.6286,0.18002,1.7956,0.97282,1
1067,-0.82601,2.9611,-1.2864,-1.4647,1
1068,0.31803,-0.99326,1.0947,0.88619,1
1069,-1.4454,-8.4385,8.8483,0.96894,1
1070,-3.1423,-13.0365,15.6773,-0.66165,1
1071,-2.5373,-6.959,8.8054,1.5289,1
1072,-1.366,0.18416,0.90539,1.5806,1
1073,-1.7064,3.3088,-2.2829,-2.1978,1
1074,-0.41965,2.9094,-1.7859,-2.2069,1
1075,0.37637,-0.82358,0.78543,0.74524,1
1076,-0.55355,-7.9233,6.7156,0.74394,1
1077,-1.6001,-9.5828,9.4044,0.081882,1
1078,-0.37013,-5.554,4.7749,1.547,1
1079,0.12126,0.22347,-0.47327,0.97024,1
1080,-0.27068,3.2674,-3.5562,-3.0888,1
1081,-5.119,6.6486,-0.049987,-6.5206,1
1082,-1.3946,2.3134,-0.44499,-1.4905,1
1083,-0.69879,-3.3771,4.1211,1.5043,1
1084,-1.48,-10.5244,9.9176,-0.5026,1
1085,-2.6649,-12.813,12.6689,-1.9082,1
1086,-0.62684,-6.301,4.7843,1.106,1
1087,0.518,0.25865,-0.84085,0.96118,1
1088,0.64376,3.764,-4.4738,-4.0483,1
1089,-2.9821,4.1986,-0.5898,-3.9642,1
1090,-1.4628,-1.5706,2.4357,0.49826,1
1091,-1.7101,-8.7903,7.9735,-0.45475,1
1092,-1.5572,-9.8808,8.1088,-1.0806,1
1093,0.74428,-3.7723,1.6131,1.5754,1
1094,2.0177,1.7982,-2.9581,0.2099,1
1095,1.164,3.913,-4.5544,-3.8672,1
1096,-4.3667,6.0692,0.57208,-5.4668,1
1097,-2.5919,-1.0553,3.8949,0.77757,1
1098,-1.8046,-6.8141,6.7019,1.1681,1
1099,-0.71868,-5.7154,3.8298,1.0233,1
1100,1.4378,0.66837,-2.0267,1.0271,1
1101,2.1943,4.5503,-4.976,-2.7254,1
1102,0.7376,4.8525,-4.7986,-5.6659,1
1103,-5.637,8.1261,0.13081,-5.0142,1
1104,-3.0193,1.7775,0.73745,-0.45346,1
1105,-1.6706,-2.09,1.584,0.71162,1
1106,-0.1269,-1.1505,-0.95138,0.57843,1
1107,1.2198,2.0982,-3.1954,0.12843,1
1108,1.4501,3.6067,-4.0557,-1.5966,1
1109,-0.40857,3.0977,-2.9607,-2.6892,1
1110,-3.8952,3.8157,-0.31304,-3.8194,1
1111,-6.3679,8.0102,0.4247,-3.2207,1
1112,-4.1429,2.7749,0.68261,-0.71984,1
1113,-2.6864,-0.097265,0.61663,0.061192,1
1114,-1.0555,0.79459,-1.6968,-0.46768,1
1115,-0.29858,2.4769,-2.9512,-0.66165,1
1116,-0.49948,1.7734,-2.2469,-0.68104,1
1117,-1.9881,0.99945,-0.28562,-0.70044,1
1118,-1.9389,1.5706,0.045979,-1.122,1
1119,-1.4375,-1.8624,4.026,0.55127,1
1120,-3.1875,-7.5756,11.8678,-0.57889,1
1121,-4.6765,-5.6636,10.969,-0.33449,1
1122,-2.0285,3.8468,-0.63435,-1.175,1
1123,0.26637,0.73252,-0.67891,0.03533,1
1124,-1.7589,-6.4624,8.4773,0.31981,1
1125,-3.5985,-13.6593,17.6052,-2.4927,1
1126,-3.3582,-7.2404,11.4419,-0.57113,1
1127,-2.3629,-0.10554,1.9336,1.1358,1
1128,-2.1802,3.3791,-1.2256,-2.6621,1
1129,-0.40951,-0.15521,0.060545,-0.088807,1
1130,-2.2918,-7.257,7.9597,0.9211,1
1131,-4.0214,-12.8006,15.6199,-0.95647,1
1132,-3.3884,-8.215,10.3315,0.98187,1
1133,-2.0046,-0.49457,1.333,1.6543,1
1134,-1.7063,2.7956,-2.378,-2.3491,1
1135,-1.6386,3.3584,-1.7302,-3.5646,1
1136,-0.41645,0.32487,-0.33617,-0.36036,1
1137,-1.5877,-6.6072,5.8022,0.31593,1
1138,-2.5961,-9.349,9.7942,-0.28018,1
1139,-1.5228,-6.4789,5.7568,0.87325,1
1140,-0.53072,-0.097265,-0.21793,1.0426,1
1141,-0.49081,2.8452,-3.6436,-3.1004,1
1142,-6.5773,6.8017,0.85483,-7.5344,1
1143,-2.4621,2.7645,-0.62578,-2.8573,1
1144,-1.3995,-1.9162,2.5154,0.59912,1
1145,-2.3221,-9.3304,9.233,-0.79871,1
1146,-3.73,-12.9723,12.9817,-2.684,1
1147,-1.6988,-7.1163,5.7902,0.16723,1
1148,-0.26654,-0.64562,-0.42014,0.89136,1
1149,0.33325,3.3108,-4.5081,-4.012,1
1150,-4.2091,4.7283,-0.49126,-5.2159,1
1151,-2.3142,-0.68494,1.9833,-0.44829,1
1152,-2.4835,-7.4494,6.8964,-0.64484,1
1153,-2.7611,-10.5099,9.0239,-1.9547,1
1154,-0.36025,-4.449,2.1067,0.94308,1
1155,1.0117,0.9022,-2.3506,0.42714,1
1156,0.96708,3.8426,-4.9314,-4.1323,1
1157,-5.2049,7.259,0.070827,-7.3004,1
1158,-3.3203,-0.02691,2.9618,-0.44958,1
1159,-2.565,-5.7899,6.0122,0.046968,1
1160,-1.5951,-6.572,4.7689,-0.94354,1
1161,0.7049,0.17174,-1.7859,0.36119,1
1162,1.7331,3.9544,-4.7412,-2.5017,1
1163,0.6818,4.8504,-5.2133,-6.1043,1
1164,-6.3364,9.2848,0.014275,-6.7844,1
1165,-3.8053,2.4273,0.6809,-1.0871,1
1166,-2.1979,-2.1252,1.7151,0.45171,1
1167,-0.87874,-2.2121,-0.051701,0.099985,1
1168,0.74067,1.7299,-3.1963,-0.1457,1
1169,0.98296,3.4226,-3.9692,-1.7116,1
1170,-0.3489,3.1929,-3.4054,-3.1832,1
1171,-3.8552,3.5219,-0.38415,-3.8608,1
1172,-6.9599,8.9931,0.2182,-4.572,1
1173,-4.7462,3.1205,1.075,-1.2966,1
1174,-3.2051,-0.14279,0.97565,0.045675,1
1175,-1.7549,-0.080711,-0.75774,-0.3707,1
1176,-0.59587,2.4811,-2.8673,-0.89828,1
1177,-0.89542,2.0279,-2.3652,-1.2746,1
1178,-2.0754,1.2767,-0.64206,-1.2642,1
1179,-3.2778,1.8023,0.1805,-2.3931,1
1180,-2.2183,-1.254,2.9986,0.36378,1
1181,-3.5895,-6.572,10.5251,-0.16381,1
1182,-5.0477,-5.8023,11.244,-0.3901,1
1183,-3.5741,3.944,-0.07912,-2.1203,1
1184,-0.7351,1.7361,-1.4938,-1.1582,1
1185,-2.2617,-4.7428,6.3489,0.11162,1
1186,-4.244,-13.0634,17.1116,-2.8017,1
1187,-4.0218,-8.304,12.555,-1.5099,1
1188,-3.0201,-0.67253,2.7056,0.85774,1
1189,-2.4941,3.5447,-1.3721,-2.8483,1
1190,-0.83121,0.039307,0.05369,-0.23105,1
1191,-2.5665,-6.8824,7.5416,0.70774,1
1192,-4.4018,-12.9371,15.6559,-1.6806,1
1193,-3.7573,-8.2916,10.3032,0.38059,1
1194,-2.4725,-0.40145,1.4855,1.1189,1
1195,-1.9725,2.8825,-2.3086,-2.3724,1
1196,-2.0149,3.6874,-1.9385,-3.8918,1
1197,-0.82053,0.65181,-0.48869,-0.52716,1
1198,-1.7886,-6.3486,5.6154,0.42584,1
1199,-2.9138,-9.4711,9.7668,-0.60216,1
1200,-1.8343,-6.5907,5.6429,0.54998,1
1201,-0.8734,-0.033118,-0.20165,0.55774,1
1202,-0.70346,2.957,-3.5947,-3.1457,1
1203,-6.7387,6.9879,0.67833,-7.5887,1
1204,-2.7723,3.2777,-0.9351,-3.1457,1
1205,-1.6641,-1.3678,1.997,0.52283,1
1206,-2.4349,-9.2497,8.9922,-0.50001,1
1207,-3.793,-12.7095,12.7957,-2.825,1
1208,-1.9551,-6.9756,5.5383,-0.12889,1
1209,-0.69078,-0.50077,-0.35417,0.47498,1
1210,0.025013,3.3998,-4.4327,-4.2655,1
1211,-4.3967,4.9601,-0.64892,-5.4719,1
1212,-2.456,-0.24418,1.4041,-0.45863,1
1213,-2.62,-6.8555,6.2169,-0.62285,1
1214,-2.9662,-10.3257,8.784,-2.1138,1
1215,-0.71494,-4.4448,2.2241,0.49826,1
1216,0.6005,0.99945,-2.2126,0.097399,1
1217,0.61652,3.8944,-4.7275,-4.3948,1
1218,-5.4414,7.2363,0.10938,-7.5642,1
1219,-3.5798,0.45937,2.3457,-0.45734,1
1220,-2.7769,-5.6967,5.9179,0.37671,1
1221,-1.8356,-6.7562,5.0585,-0.55044,1
1222,0.30081,0.17381,-1.7542,0.48921,1
1223,1.3403,4.1323,-4.7018,-2.5987,1
1224,0.26877,4.987,-5.1508,-6.3913,1
1225,-6.5235,9.6014,-0.25392,-6.9642,1
1226,-4.0679,2.4955,0.79571,-1.1039,1
1227,-2.564,-1.7051,1.5026,0.32757,1
1228,-1.3414,-1.9162,-0.15538,-0.11984,1
1229,0.23874,2.0879,-3.3522,-0.66553,1
1230,0.6212,3.6771,-4.0771,-2.0711,1
1231,-0.77848,3.4019,-3.4859,-3.5569,1
1232,-4.1244,3.7909,-0.6532,-4.1802,1
1233,-7.0421,9.2,0.25933,-4.6832,1
1234,-4.9462,3.5716,0.82742,-1.4957,1
1235,-3.5359,0.30417,0.6569,-0.2957,1
1236,-2.0662,0.16967,-1.0054,-0.82975,1
1237,-0.88728,2.808,-3.1432,-1.2035,1
1238,-1.0941,2.3072,-2.5237,-1.4453,1
1239,-2.4458,1.6285,-0.88541,-1.4802,1
1240,-3.551,1.8955,0.1865,-2.4409,1
1241,-2.2811,-0.85669,2.7185,0.044382,1
1242,-3.6053,-5.974,10.0916,-0.82846,1
1243,-5.0676,-5.1877,10.4266,-0.86725,1
1244,-3.9204,4.0723,-0.23678,-2.1151,1
1245,-1.1306,1.8458,-1.3575,-1.3806,1
1246,-2.4561,-4.5566,6.4534,-0.056479,1
1247,-4.4775,-13.0303,17.0834,-3.0345,1
1248,-4.1958,-8.1819,12.1291,-1.6017,1
1249,-3.38,-0.7077,2.5325,0.71808,1
1250,-2.4365,3.6026,-1.4166,-2.8948,1
1251,-0.77688,0.13036,-0.031137,-0.35389,1
1252,-2.7083,-6.8266,7.5339,0.59007,1
1253,-4.5531,-12.5854,15.4417,-1.4983,1
1254,-3.8894,-7.8322,9.8208,0.47498,1
1255,-2.5084,-0.22763,1.488,1.2069,1
1256,-2.1652,3.0211,-2.4132,-2.4241,1
1257,-1.8974,3.5074,-1.7842,-3.8491,1
1258,-0.62043,0.5587,-0.38587,-0.66423,1
1259,-1.8387,-6.301,5.6506,0.19567,1
1260,-3.0,-9.1566,9.5766,-0.73018,1
1261,-1.9116,-6.1603,5.606,0.48533,1
1262,-1.005,0.084831,-0.2462,0.45688,1
1263,-0.87834,3.257,-3.6778,-3.2944,1
1264,-6.651,6.7934,0.68604,-7.5887,1
1265,-2.5463,3.1101,-0.83228,-3.0358,1
1266,-1.4377,-1.432,2.1144,0.42067,1
1267,-2.4554,-9.0407,8.862,-0.86983,1
1268,-3.9411,-12.8792,13.0597,-3.3125,1
1269,-2.1241,-6.8969,5.5992,-0.47156,1
1270,-0.74324,-0.32902,-0.42785,0.23317,1
1271,-0.071503,3.7412,-4.5415,-4.2526,1
1272,-4.2333,4.9166,-0.49212,-5.3207,1
1273,-2.3675,-0.43663,1.692,-0.43018,1
1274,-2.5526,-7.3625,6.9255,-0.66811,1
1275,-3.0986,-10.4602,8.9717,-2.3427,1
1276,-0.89809,-4.4862,2.2009,0.50731,1
1277,0.56232,1.0015,-2.2726,-0.0060486,1
1278,0.53936,3.8944,-4.8166,-4.3418,1
1279,-5.3012,7.3915,0.029699,-7.3987,1
1280,-3.3553,0.35591,2.6473,-0.37846,1
1281,-2.7908,-5.7133,5.953,0.45946,1
1282,-1.9983,-6.6072,4.8254,-0.41984,1
1283,0.15423,0.11794,-1.6823,0.59524,1
1284,1.208,4.0744,-4.7635,-2.6129,1
1285,0.2952,4.8856,-5.149,-6.2323,1
1286,-6.4247,9.5311,0.022844,-6.8517,1
1287,-3.9933,2.6218,0.62863,-1.1595,1
1288,-2.659,-1.6058,1.3647,0.16464,1
1289,-1.4094,-2.1252,-0.10397,-0.19225,1
1290,0.11032,1.9741,-3.3668,-0.65259,1
1291,0.52374,3.644,-4.0746,-1.9909,1
1292,-0.76794,3.4598,-3.4405,-3.4276,1
1293,-3.9698,3.6812,-0.60008,-4.0133,1
1294,-7.0364,9.2931,0.16594,-4.5396,1
1295,-4.9447,3.3005,1.063,-1.444,1
1296,-3.5933,0.22968,0.7126,-0.3332,1
1297,-2.1674,0.12415,-1.0465,-0.86208,1
1298,-0.9607,2.6963,-3.1226,-1.3121,1
1299,-1.0802,2.1996,-2.5862,-1.2759,1
1300,-2.3277,1.4381,-0.82114,-1.2862,1
1301,-3.7244,1.9037,-0.035421,-2.5095,1
1302,-2.5724,-0.95602,2.7073,-0.16639,1
1303,-3.9297,-6.0816,10.0958,-1.0147,1
1304,-5.2943,-5.1463,10.3332,-1.1181,1
1305,-3.8953,4.0392,-0.3019,-2.1836,1
1306,-1.2244,1.7485,-1.4801,-1.4181,1
1307,-2.6406,-4.4159,5.983,-0.13924,1
1308,-4.6338,-12.7509,16.7166,-3.2168,1
1309,-4.2887,-7.8633,11.8387,-1.8978,1
1310,-3.3458,-0.50491,2.6328,0.53705,1
1311,-1.1188,3.3357,-1.3455,-1.9573,1
1312,0.55939,-0.3104,0.18307,0.44653,1
1313,-1.5078,-7.3191,7.8981,1.2289,1
1314,-3.506,-12.5667,15.1606,-0.75216,1
1315,-2.9498,-8.273,10.2646,1.1629,1
1316,-1.6029,-0.38903,1.62,1.9103,1
1317,-1.2667,2.8183,-2.426,-1.8862,1
1318,-0.49281,3.0605,-1.8356,-2.834,1
1319,0.66365,-0.045533,-0.18794,0.23447,1
1320,-0.72068,-6.7583,5.8408,0.62369,1
1321,-1.9966,-9.5001,9.682,-0.12889,1
1322,-0.97325,-6.4168,5.6026,1.0323,1
1323,-0.025314,-0.17383,-0.11339,1.2198,1
1324,0.062525,2.9301,-3.5467,-2.6737,1
1325,-5.525,6.3258,0.89768,-6.6241,1
1326,-1.2943,2.6735,-0.84085,-2.0323,1
1327,-0.24037,-1.7837,2.135,1.2418,1
1328,-1.3968,-9.6698,9.4652,-0.34872,1
1329,-2.9672,-13.2869,13.4727,-2.6271,1
1330,-1.1005,-7.2508,6.0139,0.36895,1
1331,0.22432,-0.52147,-0.40386,1.2017,1
1332,0.90407,3.3708,-4.4987,-3.6965,1
1333,-2.8619,4.5193,-0.58123,-4.2629,1
1334,-1.0833,-0.31247,1.2815,0.41291,1
1335,-1.5681,-7.2446,6.5537,-0.1276,1
1336,-2.0545,-10.8679,9.4926,-1.4116,1
1337,0.2346,-4.5152,2.1195,1.4448,1
1338,1.581,0.86909,-2.3138,0.82412,1
1339,1.5514,3.8013,-4.9143,-3.7483,1
1340,-4.1479,7.1225,-0.083404,-6.4172,1
1341,-2.2625,-0.099335,2.8127,0.48662,1
1342,-1.7479,-5.823,5.8699,1.212,1
1343,-0.95923,-6.7128,4.9857,0.32886,1
1344,1.3451,0.23589,-1.8785,1.3258,1
1345,2.2279,4.0951,-4.8037,-2.1112,1
1346,1.2572,4.8731,-5.2861,-5.8741,1
1347,-5.3857,9.1214,-0.41929,-5.9181,1
1348,-2.9786,2.3445,0.52667,-0.40173,1
1349,-1.5851,-2.1562,1.7082,0.9017,1
1350,-0.21888,-2.2038,-0.0954,0.56421,1
1351,1.3183,1.9017,-3.3111,0.065071,1
1352,1.4896,3.4288,-4.0309,-1.4259,1
1353,0.11592,3.2219,-3.4302,-2.8457,1
1354,-3.3924,3.3564,-0.72004,-3.5233,1
1355,-6.1632,8.7096,-0.21621,-3.6345,1
1356,-4.0786,2.9239,0.87026,-0.65389,1
1357,-2.5899,-0.3911,0.93452,0.42972,1
1358,-1.0116,-0.19038,-0.90597,0.003003,1
1359,0.066129,2.4914,-2.9401,-0.62156,1
1360,-0.24745,1.9368,-2.4697,-0.80518,1
1361,-1.5732,1.0636,-0.71232,-0.8388,1
1362,-2.1668,1.5933,0.045122,-1.678,1
1363,-1.1667,-1.4237,2.9241,0.66119,1
1364,-2.8391,-6.63,10.4849,-0.42113,1
1365,-4.5046,-5.8126,10.8867,-0.52846,1
1366,-2.41,3.7433,-0.40215,-1.2953,1
1367,0.40614,1.3492,-1.4501,-0.55949,1
1368,-1.3887,-4.8773,6.4774,0.34179,1
1369,-3.7503,-13.4586,17.5932,-2.7771,1
1370,-3.5637,-8.3827,12.393,-1.2823,1
1371,-2.5419,-0.65804,2.6842,1.1952,1
